Name,Price
Casio G-SHOCK GA-2100-1A1ER,14 050 Р
Daniel Wellington DW00100433,22 900 Р
Seiko SRPK33K1,42 000 Р
,not price
AGELOCER 9104D6,159 590 Р
Stuhrling 3917.1,22 490 Р
Infantry REVO-CHR-04-V3,17 400 Р
Swarovski 5675998,47 900 Р
Citizen JY8125-54L,102 300 Р
Rodania R16025,31 790 Р
COACH 14503939,35 490 Р
SAGA 53628-SVMRRD-2,24 500 Р
,not price
Thomas Sabo WA0404-201-211-33,56 650 Р
CIGA Design DFH011-SS02-2B5B,40 800 Р
Mathey-Tissot D117ABU,36 000 Р
Continental 23001-GD158830,22 100 Р
Calvin Klein K8G23626,18 900 Р
Tommy Hilfiger 1782303,23 890 Р
Suunto SS050565000,36 880 Р
Fossil FS5975,17 620 Р
,not price
Casio G-SHOCK GMA-P2100-2A,16 990 Р
Citizen AT2541-54A,38 610 Р
Guess W1156L1,22 790 Р
Cuervo y Sobrinos 1012.1GM,471 500 Р
The Electricianz ZZ-A1A/07-NLW,32 030 Р
D1 Milano PHBJSH,24 900 Р
Breitling A17327361L1A1,648 000 Р
Daniel Wellington DW00100508,14 890 Р
Armani Exchange AX1326,18 990 Р
Korloff 04WA2170017,254 100 Р
TechnoMarine TM115385,30 160 Р
Boccia Titanium 3744-01,17 250 Р
Diesel DZ4318,34 090 Р
IDEAL KNIGHT IK6803-1,205 200 Р
,not price
CIGA Design X051-BR01-W5B,27 500 Р
Louis XVI Noblesse-1220,86 900 Р
Tsar Bomba TB8209CF-05,49 600 Р
Alexander Shorokhoff AS.LA02-5M,195 600 Р
Hugo Boss HB1513940,25 090 Р
Traser TR_109040,41 100 Р
Michael Kors MK5606,23 440 Р
Technik 4x ASD-44.SKE00.SVWH,59 990 Р
Casio G-SHOCK GM-S110PG-4A,22 690 Р
Bauhaus 21664_b,43 490 Р
Continental 20504-GD158830,27 900 Р
,not price
Garmin 010-02157-11,116 990 Р
Santa Barbara Polo & Racquet Club SB.1.10517-1,6 790 Р
Mathey-Tissot H455CHSK,47 000 Р
Invicta IN29682,12 300 Р
Lacoste 2011265,11 490 Р
Calvin Klein 25200230,23 490 Р
NIKA 1246.0.1.42A,211 750 Р
HUBLOT 550.ES.5100.RX.ORL21,1 636 200 Р
,not price
Seiko SNK371K1,15 640 Р
Sergio Tacchini ST.1.10423-2,10 870 Р
Casio G-SHOCK DW-H5600EX-1,99 990 Р
Titoni 23909-SY-064,142 800 Р
Tommy Hilfiger 1791120,23 890 Р
Emporio Armani AR11238,21 610 Р
LIU JO TLJ2180,22 750 Р
Daniel Klein DK.1.13605-5,6 900 Р
Name,Price
Casio G-SHOCK GA-2100-1A1ER,14 050 Р
Daniel Wellington DW00100433,22 900 Р
Seiko SRPK33K1,42 000 Р
,not price
AGELOCER 9104D6,159 590 Р
Stuhrling 3917.1,22 490 Р
Infantry REVO-CHR-04-V3,17 400 Р
Swarovski 5675998,47 900 Р
Citizen JY8125-54L,102 300 Р
Rodania R16025,31 790 Р
COACH 14503939,35 490 Р
SAGA 53628-SVMRRD-2,24 500 Р
,not price
Thomas Sabo WA0404-201-211-33,56 650 Р
CIGA Design DFH011-SS02-2B5B,40 800 Р
Mathey-Tissot D117ABU,36 000 Р
Continental 23001-GD158830,22 100 Р
Calvin Klein K8G23626,18 900 Р
Tommy Hilfiger 1782303,23 890 Р
Suunto SS050565000,36 880 Р
Fossil FS5975,17 620 Р
,not price
Casio G-SHOCK GMA-P2100-2A,16 990 Р
Citizen AT2541-54A,38 610 Р
Guess W1156L1,22 790 Р
Cuervo y Sobrinos 1012.1GM,471 500 Р
The Electricianz ZZ-A1A/07-NLW,32 030 Р
D1 Milano PHBJSH,24 900 Р
Breitling A17327361L1A1,648 000 Р
Daniel Wellington DW00100508,14 890 Р
Armani Exchange AX1326,18 990 Р
Korloff 04WA2170017,254 100 Р
TechnoMarine TM115385,30 160 Р
Boccia Titanium 3744-01,17 250 Р
Diesel DZ4318,34 090 Р
IDEAL KNIGHT IK6803-1,205 200 Р
,not price
CIGA Design X051-BR01-W5B,27 500 Р
Louis XVI Noblesse-1220,86 900 Р
Tsar Bomba TB8209CF-05,49 600 Р
Alexander Shorokhoff AS.LA02-5M,195 600 Р
Hugo Boss HB1513940,25 090 Р
Traser TR_109040,41 100 Р
Michael Kors MK5606,23 440 Р
Technik 4x ASD-44.SKE00.SVWH,59 990 Р
Casio G-SHOCK GM-S110PG-4A,22 690 Р
Bauhaus 21664_b,43 490 Р
Continental 20504-GD158830,27 900 Р
,not price
Garmin 010-02157-11,116 990 Р
Santa Barbara Polo & Racquet Club SB.1.10517-1,6 790 Р
Mathey-Tissot H455CHSK,47 000 Р
Invicta IN29682,12 300 Р
Lacoste 2011265,11 490 Р
Calvin Klein 25200230,23 490 Р
NIKA 1246.0.1.42A,211 750 Р
HUBLOT 550.ES.5100.RX.ORL21,1 636 200 Р
,not price
Seiko SNK371K1,15 640 Р
Sergio Tacchini ST.1.10423-2,10 870 Р
Casio G-SHOCK DW-H5600EX-1,99 990 Р
Titoni 23909-SY-064,142 800 Р
Tommy Hilfiger 1791120,23 890 Р
Emporio Armani AR11238,21 610 Р
LIU JO TLJ2180,22 750 Р
Daniel Klein DK.1.13605-5,6 900 Р
Name,Price
Zeppelin Zep-72883,44 820 Р
Ikepod C003-SI-LB,78 750 Р
CIGA Design X021-BLGO-W25BK,53 300 Р
,not price
D1 Milano UTBJ33,37 200 Р
Calvin Klein K4E2N616,15 800 Р
Rodania R29002,43 890 Р
Seiko SNK615K1,18 400 Р
Continental 23451-GT154410,29 100 Р
Garmin 010-02409-11,84 490 Р
Daniel Wellington DW00100164,21 900 Р
SAGA 53578-SVBLSV-2,16 500 Р
,not price
Microwear WEAR3PROS,2 680 Р
Elysee 18016,32 210 Р
Aviator V.1.37.0.309.4,75 000 Р
Casio G-SHOCK GA-2100-4AER,12 480 Р
Mathey-Tissot H912CHAI,66 200 Р
The Electricianz ZZ-A1A/02,32 030 Р
Bauhaus 21404_b,29 820 Р
Jacques Lemans 1-1542G,17 720 Р
,not price
COACH 14503927,35 490 Р
Seiko SNKE57J1,16 880 Р
Longines L3.782.3.98.7,228 000 Р
Orient RA-AA0E05B1,39 900 Р
TOUS 900350045,21 700 Р
Tsar Bomba TB8218A-14,50 700 Р
Casio G-SHOCK GBX-100-1,24 990 Р
Orient Star RE-AV0003L0,110 190 Р
Santa Barbara Polo & Racquet Club SB.1.10543-1,8 570 Р
D1 Milano DTRJ03,27 370 Р
Seiko SFJ007,141 000 Р
Louis XVI Le-Monarque-1216,96 100 Р
Tommy Hilfiger 1791398,20 290 Р
Daniel Klein DK-2164-1,1 930 Р
,not price
Hamilton H82385340,123 200 Р
Calvin Klein K4N2114Z,12 190 Р
Emporio Armani AR2434,23 190 Р
Casio G-SHOCK DW-5600EU-8A3,10 120 Р
Hugo Boss HB1513938,34 900 Р
Fossil FS5983,14 990 Р
Diesel DZ7350,26 350 Р
Seiko SBTR017,35 900 Р
Infantry FS-011-S-GR,17 400 Р
Rodania R16016,27 500 Р
PLEIN SPORT PSBBA0423,16 140 Р
,not price
Olivia Burton 24000057,18 690 Р
Citizen BI5100-58E,16 400 Р
Thomas Sabo WA0391-201-202-33,63 290 Р
Sergio Tacchini R11-1,9 190 Р
COACH 14504032,32 990 Р
LIU JO TLJ2189,23 950 Р
Grand Seiko SBGH273G,876 200 Р
IDEAL KNIGHT IK6808-16,319 700 Р
,not price
Casio G-SHOCK MRG-BF1000R-1A,749 900 Р
Tissot T035.446.16.051.02,57 700 Р
CIGA Design R012-SISI-W1,25 590 Р
Orient RA-AG0003S1,37 690 Р
Guess GW0314L2,20 890 Р
Emporio Armani AR11241,23 000 Р
Seiko SRPJ87K1,44 300 Р
Tommy Hilfiger 1791791,20 290 Р
